Designator,Footprint,Quantity,Value,LCSC Part #
C1,CP_Elec_6.3x5.4_Nichicon,1,100u/16V,C111600
C2,C_0402_1005Metric,1,1n, C1523
"C3, C4",C_0402_1005Metric,2,100n,C307331
C5,C_0603_1608Metric,1,680p,C1630
C6,C_0402_1005Metric,1,100p,C1546
C7,C_0402_1005Metric,1,4u7,C307331
C8,C_0402_1005Metric,1,470p,C1537
"D1, D3",SOT-363_SC-70-6,2,BAV99S,C68987
D2,D_SMB,1,SM6T15A,C1974359
J1,PinHeader_2x06_P2.54mm_Horizontal,1,Conn_01x12_Female,C492434
JP1,SolderJumper-3_P1.3mm_Bridged12_RoundedPad1.0x1.5mm_NumberLabels,1,SolderJumper_3_Bridged12,
"R1, R5, R6, R9",R_0402_1005Metric,4,15k,C25756
"R10, R2, R3",R_0402_1005Metric,3,4k7,C25900
R11,R_0402_1005Metric,1,330,C25104
"R4, R7",R_0402_1005Metric,2,2k2,C25879
R8,R_0402_1005Metric,1,1k,C11702
U2,SOIC-8_3.9x4.9mm_P1.27mm,1,LM393,C7955
U3,SOT-23-5,1,LP2985-3.3,C95414
U4,SMDIP-8_W9.53mm,1,6N136S,C118756
